Date,Home Team,Home Score,Away Team,Away Score
2026-03-19,Ft. Zumwalt East,1,Ft. Zumwalt West,2
2026-03-19,North Point,6,Hannibal,1
2026-03-19,Staley,5,Kearney,3
2026-03-19,Helias Catholic,1,Kickapoo,2
2026-03-19,St. Pius X (Kansas City),3,Liberty,0
2026-03-19,Battle,0,Osage,8
2026-03-19,Platte County,0,Park Hill South,6
2026-03-19,Raytown South,0,Smithville,12
2026-03-19,Van Horn,3,Truman,6
2026-03-19,Canton,0,Winfield,3
2026-03-20,Crocker,6,Aurora,0
2026-03-20,Eugene,0,Blair Oaks,3
2026-03-20,Smithton,0,Boonville,3
2026-03-20,Camdenton,0,Capital City,6
2026-03-20,Kirksville,0,Chillicothe,0
2026-03-20,Troy Buchanan,1,Duchesne,0
2026-03-20,Stover with Cole Camp,1,Fair Grove,0
2026-03-20,Ft. Zumwalt South,1,Francis Howell Central,0
2026-03-20,California,3,Fulton,0
2026-03-20,Father Tolton,3,Jefferson City,2
2026-03-20,Odessa,2,Knob Noster,1
2026-03-20,Moberly,0,Lee's Summit,7
2026-03-20,Lee's Summit North,3,Lee's Summit West,1
2026-03-20,Marshall,4,Lone Jack,0
2026-03-20,Winfield,0,Orchard Farm,8
2026-03-20,Fatima,1,Owensville,8
2026-03-20,Raytown,2,Raytown South,1
2026-03-20,Smith-Cotton,2,Republic,1
2026-03-20,Ozark,0,Rock Bridge,3
2026-03-20,St. Francis Borgia,6,Rolla,0
2026-03-20,Springfield Catholic,7,Rolla,0
2026-03-20,Farmington,2,Saxony Lutheran,3
2026-03-20,Christian Fellowship Sr.,1,Southern Boone,8
2026-03-20,Francis Howell North,4,St. Charles,1
2026-03-20,Springfield Catholic,7,St. Francis Borgia,0
2026-03-20,Marshfield,3,St. James,2
2026-03-20,St. Pius X (Festus),6,Sullivan,1
2026-03-20,Washington,6,Union,0
2026-03-20,St. Vincent,3,Union,0
2026-03-20,St. Vincent,3,Washington,1
2026-03-20,Oak Grove,4,William Chrisman,3
2026-03-20,St. Charles West,3,Wright City,0
2026-03-21,California,0,Boonville,1
2026-03-21,Lone Jack,2,Chillicothe,2
2026-03-21,Marshall,8,Chillicothe,0
2026-03-21,Father Tolton,2,Eugene,1
2026-03-21,St. Pius X (Kansas City),6,Grain Valley,0
2026-03-21,Blair Oaks,3,Jefferson City,2
2026-03-21,Lone Jack,0,Kirksville,7
2026-03-21,Marshall,1,Kirksville,2
2026-03-21,Platte County,0,Liberty,8
2026-03-21,Moberly,2,Oak Grove,0
2026-03-21,Staley,2,Park Hill South,3
2026-03-21,Kearney,4,Platte County,1
2026-03-21,Kickapoo,1,Rock Bridge,2
2026-03-21,Union,3,Rolla,0
2026-03-21,Springfield Catholic,6,St. Vincent,4
2026-03-21,St. Francis Borgia,1,Washington,1
2026-03-23,Mexico,1,California,0
2026-03-23,Waynesville,2,Camdenton,0
2026-03-23,Summit Christian Academy,6,Cameron,0
2026-03-23,Kirksville,2,Canton,1
2026-03-23,Guadalupe Centers Charter,0,Center,4
2026-03-23,Paseo Academy,0,Clinton,13
2026-03-23,Southern Boone,6,Crocker,0
2026-03-23,Marshfield,3,Fair Grove,2
2026-03-23,North County,0,Festus,3
2026-03-23,Staley,3,Grain Valley,0
2026-03-23,Wright City,8,Hazelwood East,0
2026-03-23,Pacific,2,Hillsboro,0
2026-03-23,Washington,0,Holt,1
2026-03-23,Ft. Zumwalt East,1,Incarnate Word Academy,0
2026-03-23,Kearney,5,Liberty,2
2026-03-23,Mid-Buchanan,4,Lone Jack,0
2026-03-23,Smith-Cotton,2,Marshall,1
2026-03-23,Monett,1,Neosho,6
2026-03-23,Raytown,0,Oak Grove,8
2026-03-23,Smithton,1,Odessa,0
2026-03-23,Laquey with Richland,0,Osage,5
2026-03-23,St. Pius X (Kansas City),1,Park Hill South,2
2026-03-23,Notre Dame (St. Louis),1,Perryville,2
2026-03-23,Grandview,5,Raytown South,1
2026-03-23,Capital City,1,Republic,2
2026-03-23,St. Joseph Christian,0,Savannah,10
2026-03-23,Union,1,St. Clair,0
2026-03-23,Lutheran North,1,STEAM Academy,4
2026-03-23,Veritas Christian Academy,5,Warrenton,0
2026-03-23,St. Pius X (Festus),4,Windsor (Imperial),0
2026-03-23,Elsberry with Silex,0,Winfield,4
2026-03-24,St. Pius X (Festus),5,Bishop DuBourg,0
2026-03-24,Lee's Summit North,3,Blue Springs,1
2026-03-24,Sacred Heart,0,Boonville,4
2026-03-24,Lebanon,0,Cassville,1
2026-03-24,Grandview,9,Center,1
2026-03-24,St. Vincent,8,Central (Cape Girardeau),0
2026-03-24,Knob Noster,5,Cristo Rey,0
2026-03-24,Visitation Academy,0,Duchesne,3
2026-03-24,Hillsboro,0,Festus,2
2026-03-24,Notre Dame (St. Louis),4,Fox,1
2026-03-24,Ft. Zumwalt West,1,Francis Howell,2
2026-03-24,Liberty (Wentzville),4,Francis Howell Central,1
2026-03-24,Ft. Zumwalt North,2,Francis Howell North,1
2026-03-24,Dixon,0,Laquey with Richland,9
2026-03-24,Lee's Summit West,2,Lee's Summit,1
2026-03-24,Central (Springfield),5,Liberty (Mountain View),1
2026-03-24,Park Hill,1,Liberty North,2
2026-03-24,Ozark,2,Logan-Rogersville,1
2026-03-24,Aurora,0,Marshfield,2
2026-03-24,Savannah,2,Maryville,4
2026-03-24,New Covenant Academy,8,McDonald County,0
2026-03-24,Fatima,0,Mexico,5
2026-03-24,Excelsior Springs,1,Mid-Buchanan,2
2026-03-24,Eugene,0,Moberly,2
2026-03-24,Fair Grove,2,New Heights Christian with McAuley Catholic,3
2026-03-24,Springfield Catholic,0,Nixa,2
2026-03-24,Pacific,3,North County,1
2026-03-24,Warrensburg,0,Oak Grove,3
2026-03-24,Fort Osage,3,Oak Park,2
2026-03-24,Ladue Horton Watkins,0,Parkway South,2
2026-03-24,West Plains,0,Poplar Bluff,7
2026-03-24,Cameron,0,Raymore-Peculiar,9
2026-03-24,Guadalupe Centers Charter,1,Raytown South,1
2026-03-24,Ft. Zumwalt South,2,Rockwood Summit,1
2026-03-24,Belton,8,Ruskin,0
2026-03-24,Lindbergh,4,Seckman,3
2026-03-24,North Kansas City,2,Smithville,1
2026-03-24,Ursuline Academy,0,St. Dominic,1
2026-03-24,North Point,4,Troy Buchanan,1
2026-03-24,Central (St. Joseph),2,Truman,3
2026-03-24,St. Francis Borgia,1,Union,0
2026-03-24,William Chrisman,3,Van Horn,9
2026-03-24,Bolivar,0,Waynesville,3
2026-03-24,Carl Junction,0,Webb City,3
2026-03-25,Jefferson City,2,Camdenton,0
2026-03-25,Sullivan,2,Capital City,5
2026-03-25,McKinley Classical Leadership,3,Cardinal Ritter,1
2026-03-25,Odessa,0,Clinton,8
2026-03-25,Farmington,2,DeSoto,0
2026-03-25,Pacific,0,Festus,0
2026-03-25,Perryville,3,Fox,2
2026-03-25,Republic,0,Glendale,6
2026-03-25,Platte County,2,Grain Valley,3
2026-03-25,Guadalupe Centers Charter,1,Grandview,1
2026-03-25,North County,3,Hillsboro,2
2026-03-25,Sacred Heart,1,Knob Noster,3
2026-03-25,Chillicothe,8,Lafayette (St. Joseph),0
2026-03-25,Metro,3,Lutheran South,0
2026-03-25,Blair Oaks,1,Marshall,2
2026-03-25,Aurora,0,Marshfield,2
2026-03-25,Smithton,7,Paseo Academy,0
2026-03-25,St. Michael the Archangel,4,Pleasant Hill,0
2026-03-25,Summit Christian Academy,2,Raymore-Peculiar,0
2026-03-25,Warrensburg,8,Raytown,0
2026-03-25,Helias Catholic,1,Smith-Cotton,2
2026-03-25,Mehlville,1,St. Francis Borgia,0
2026-03-25,Collegiate School of Med-Bio Science,2,Valley Park,0
2026-03-25,Wright City,1,Veritas Christian Academy,4
2026-03-25,Bishop DuBourg,0,Windsor (Imperial),8
2026-03-26,Bishop LeBlond,1,Benton,2
2026-03-26,Lee's Summit West,2,Blue Springs South,3
2026-03-26,Carl Junction,1,Carthage,0
2026-03-26,Poplar Bluff,3,Central (Cape Girardeau),2
2026-03-26,West Plains,1,Central (Springfield),2
2026-03-26,Oak Park,0,Central (St. Joseph),2
2026-03-26,Cor Jesu Academy,6,Clayton,1
2026-03-26,Smithville,3,Excelsior Springs,0
2026-03-26,Bishop DuBourg,0,Fox,6
2026-03-26,Rockwood Summit,1,Francis Howell,2
2026-03-26,Troy Buchanan,0,Francis Howell Central,2
2026-03-26,St. Dominic,5,Ft. Zumwalt North,0
2026-03-26,Republic,8,Hillcrest,0
2026-03-26,Hazelwood East,8,Jennings,0
2026-03-26,Logan-Rogersville,2,Kickapoo,3
2026-03-26,Hannibal,2,Kirksville,1
2026-03-26,Faith Christian Academy,1,Knob Noster,2
2026-03-26,Waynesville,3,Laquey with Richland,1
2026-03-26,Nixa,8,Lebanon,0
2026-03-26,Blue Springs,1,Lee's Summit,0
2026-03-26,Francis Howell North,1,Liberty (Wentzville),0
2026-03-26,Hancock,8,McKinley Classical Leadership,0
2026-03-26,Parkway North,3,Mehlville,2
2026-03-26,Cassville,1,New Covenant Academy,3
2026-03-26,Willard,7,New Heights Christian with McAuley Catholic,0
2026-03-26,Park Hill,2,North Kansas City,0
2026-03-26,Timberland,0,North Point,1
2026-03-26,Cristo Rey,0,Northland Christian,8
2026-03-26,Parkway South,2,Notre Dame (Cape Girardeau),1
2026-03-26,Summit Christian Academy,4,Oak Grove,0
2026-03-26,Lindbergh,0,Oakville,5
2026-03-26,Boonville,0,Osage,1
2026-03-26,Liberty,1,Park Hill South,2
2026-03-26,Lafayette (Wildwood),5,Parkway Central,0
2026-03-26,Kirkwood,3,Parkway West,1
2026-03-26,Harrisonville,0,Pembroke Hill,1
2026-03-26,St. Pius X (Festus),4,Perryville,0
2026-03-26,Warrensburg,0,Raymore-Peculiar,8
2026-03-26,Cameron,3,Raytown,0
2026-03-26,Pattonville,8,Ritenour,0
2026-03-26,Truman,10,Ruskin,0
2026-03-26,Northwest (Cedar Hill),4,Seckman,2
2026-03-26,California,0,Southern Boone,8
2026-03-26,Holt,0,St. Charles,1
2026-03-26,Eureka,3,St. Joseph's Academy,2
2026-03-26,Lee's Summit North,2,Staley,1
2026-03-26,Moberly,6,Stover with Cole Camp,0
2026-03-26,Owensville,0,Union,2
2026-03-26,Affton,4,University City,2
2026-03-26,Fort Osage,5,Van Horn,2
2026-03-26,Ft. Zumwalt South,9,Washington,1
2026-03-26,McDonald County,0,Webb City,8
2026-03-26,Notre Dame (St. Louis),1,Windsor (Imperial),2
2026-03-27,Collegiate School of Med-Bio Science,0,Bayless,1
2026-03-27,Liberty North,2,Blue Springs,1
2026-03-27,Osage,0,Capital City,7
2026-03-27,Kearney,6,Carthage,0
2026-03-27,Sacred Heart,0,Chillicothe,4
2026-03-27,Smithton,0,Clinton,7
2026-03-27,St. Vincent,10,DeSoto,0
2026-03-27,Parkview,3,Fair Grove,4
2026-03-27,Principia,2,Maplewood-Richmond Hts.,3
2026-03-27,Lindbergh,3,Marquette,1
2026-03-27,Pleasant Hill,1,Mid-Buchanan,0
2026-03-27,Branson,4,Monett,1
2026-03-27,Smith-Cotton,0,Nixa,3
2026-03-27,Paseo Academy,1,Odessa,9
2026-03-27,Notre Dame (Cape Girardeau),0,Parkway Central,3
2026-03-27,Rockwood Summit,3,Parkway West,2
2026-03-27,William Chrisman,8,Raytown South,0
2026-03-27,Lutheran (Kansas City),1,Savannah,9
2026-03-27,MICDS,6,Southern Boone,2
2026-03-27,Incarnate Word Academy,2,St. Teresa's Academy,8
2026-03-27,Warrenton,1,Sullivan,5
2026-03-27,Duchesne,4,Veritas Christian Academy,2
2026-03-27,Jackson,4,Visitation Academy,0
2026-03-27,St. Francis Borgia,1,Westminster Christian Academy,5
2026-03-27,Villa Duchesne,1,Willard,1
2026-03-27,University City,0,Winfield,8
2026-03-28,Cassville,8,Aurora,0
2026-03-28,Liberty (Mountain View),2,Aurora,1
2026-03-28,Branson,1,Blair Oaks,3
2026-03-28,Kearney,8,Bolivar,3
2026-03-28,Dixon,0,California,7
2026-03-28,Bolivar,2,Carthage,0
2026-03-28,Liberty (Mountain View),0,Cassville,1
2026-03-28,Cor Jesu Academy,7,Francis Howell Central,1
2026-03-28,Jackson,0,Ft. Zumwalt East,2
2026-03-28,Marquette,0,Ft. Zumwalt South,5
2026-03-28,Owensville,0,Jefferson City,8
2026-03-28,MICDS,4,Jefferson City,0
2026-03-28,Smith-Cotton,1,Kickapoo,2
2026-03-28,Clayton,0,Liberty (Wentzville),4
2026-03-28,MICDS,9,Mexico,0
2026-03-28,Owensville,4,Mexico,1
2026-03-28,Villa Duchesne,3,Mid-Buchanan,0
2026-03-28,Blair Oaks,4,Monett,1
2026-03-28,Branson,5,Monett,1
2026-03-28,Eureka,2,North Point,1
2026-03-28,St. Teresa's Academy,8,Notre Dame de Sion,0
2026-03-28,Timberland,3,Parkway West,0
2026-03-28,Villa Duchesne,2,Pleasant Hill,4
2026-03-28,John Burroughs,8,Rolla,0
2026-03-28,Ft. Zumwalt West,1,St. Dominic,2
2026-03-28,Incarnate Word Academy,0,St. Pius X (Kansas City),1
2026-03-28,Ursuline Academy,2,Webster Groves,1
2026-03-28,Mid-Buchanan,0,Willard,0
2026-03-28,Pleasant Hill,1,Willard,0
2026-03-30,Parkway West,8,Affton,0
2026-03-30,Maplewood-Richmond Hts.,1,Bayless,0
2026-03-30,Raymore-Peculiar,0,Blue Springs South,8
2026-03-30,Gateway Science Charter,4,Brentwood,10
2026-03-30,New Heights Christian with McAuley Catholic,0,Carl Junction,6
2026-03-30,Central (Springfield),2,Carthage,1
2026-03-30,Raytown South,0,Central (St. Joseph),16
2026-03-30,St. Joseph Christian,0,Chillicothe,4
2026-03-30,St. James,0,Clayton,8
2026-03-30,Canton,1,Elsberry with Silex,3
2026-03-30,Van Horn,7,Excelsior Springs,3
2026-03-30,Perryville,2,Farmington,1
2026-03-30,Poplar Bluff,3,Festus,2
2026-03-30,Belton,0,Fort Osage,4
2026-03-30,Ladue Horton Watkins,5,Fox,0
2026-03-30,Fair Grove,1,Hillcrest,5
2026-03-30,Eugene,3,Laquey with Richland,2
2026-03-30,Helias Catholic,0,Lindbergh,3
2026-03-30,Lone Jack,5,Lutheran (Kansas City),0
2026-03-30,St. Charles,2,Lutheran St. Charles,1
2026-03-30,Lutheran North,0,MICDS,9
2026-03-30,Maryville,2,Mid-Buchanan,0
2026-03-30,Kirksville,0,Moberly,1
2026-03-30,St. Dominic,8,Notre Dame (St. Louis),0
2026-03-30,Warrensburg,3,Odessa,1
2026-03-30,Blair Oaks,4,Owensville,1
2026-03-30,Springfield Catholic,4,Ozark,0
2026-03-30,Sullivan,1,Pacific,5
2026-03-30,Lafayette (Wildwood),3,Parkway South,1
2026-03-30,Truman,1,Platte County,4
2026-03-30,California,2,Sacred Heart,0
2026-03-30,Benton,0,Savannah,5
2026-03-30,Marshall,0,Southern Boone,1
2026-03-30,St. Francis Borgia,1,St. Clair,0
2026-03-30,Francis Howell North,0,St. Joseph's Academy,2
2026-03-30,Smithville,0,St. Michael the Archangel,3
2026-03-30,Hillsboro,0,St. Vincent,8
2026-03-30,Rockwood Summit,4,Union,0
2026-03-30,Joplin,0,Waynesville,5
2026-03-30,Camdenton,1,West Plains,0
2026-03-30,Nerinx Hall,1,Westminster Christian Academy,0
2026-03-30,New Covenant Academy,0,Willard,5
2026-03-30,Grain Valley,6,William Chrisman,0
2026-03-30,Mexico,1,Wright City,5
2026-03-31,Liberty,0,Blue Springs,1
2026-03-31,Southern Boone,4,Boonville,0
2026-03-31,Smith-Cotton,5,Camdenton,0
2026-03-31,Branson,1,Carl Junction,6
2026-03-31,Maplewood-Richmond Hts.,4,Collegiate School of Med-Bio Science,3
2026-03-31,St. Dominic,0,Cor Jesu Academy,3
2026-03-31,Owensville,5,Crocker,7
2026-03-31,Webster Groves,2,Eureka,1
2026-03-31,Christian Fellowship Sr.,10,Fatima,2
2026-03-31,Francis Howell Central,0,Francis Howell North,1
2026-03-31,Washington,0,Ft. Zumwalt East,5
2026-03-31,Liberty (Wentzville),2,Ft. Zumwalt West,1
2026-03-31,California,3,Fulton,1
2026-03-31,Northland Christian,5,Guadalupe Centers Charter,0
2026-03-31,Valley Park,5,Hancock,0
2026-03-31,Marshall,3,Hannibal,2
2026-03-31,Warrenton,0,Holt,6
2026-03-31,Saxony Lutheran,0,Jackson,8
2026-03-31,Lebanon,0,Joplin,2
2026-03-31,Excelsior Springs,0,Kearney,9
2026-03-31,Harrisonville,8,Knob Noster,0
2026-03-31,Maryville,10,Lafayette (St. Joseph),0
2026-03-31,Marquette,3,Lafayette (Wildwood),1
2026-03-31,Staley,0,Lee's Summit West,3
2026-03-31,Lee's Summit,1,Liberty North,3
2026-03-31,Principia,6,Lutheran North,0
2026-03-31,North Point,6,Lutheran St. Charles,0
2026-03-31,Bolivar,5,Marshfield,0
2026-03-31,Aurora,2,McDonald County,3
2026-03-31,Westminster Christian Academy,2,MICDS,1
2026-03-31,Cassville,1,Monett,0
2026-03-31,Waynesville,1,Neosho,2
2026-03-31,Belton,1,North Kansas City,7
2026-03-31,Affton,0,Northwest (Cedar Hill),8
2026-03-31,Sikeston,0,Notre Dame (Cape Girardeau),2
2026-03-31,Seckman,0,Oakville,1
2026-03-31,DeSoto,0,Pacific,6
2026-03-31,Fox,2,Parkway Central,1
2026-03-31,Hazelwood West,2,Parkway North,4
2026-03-31,Grandview,6,Paseo Academy,0
2026-03-31,University City,0,Pattonville,8
2026-03-31,Oak Grove,0,Pleasant Hill,8
2026-03-31,Ozark,1,Republic,2
2026-03-31,Mehlville,10,Ritenour,0
2026-03-31,Father Tolton,3,Rock Bridge,6
2026-03-31,Clayton,0,Rockwood Summit,2
2026-03-31,Cameron,0,Savannah,7
2026-03-31,Moberly,3,Smithton,2
2026-03-31,Orchard Farm,6,St. Charles West,0
2026-03-31,North County,2,St. Clair,3
2026-03-31,Faith Christian Academy,2,St. Joseph Christian,3
2026-03-31,Ft. Zumwalt North,1,Timberland,2
2026-03-31,Francis Howell,2,Troy Buchanan,0
2026-03-31,Duchesne,1,Villa Duchesne,3
2026-03-31,Notre Dame (St. Louis),0,Visitation Academy,1
2026-03-31,Nixa,8,Webb City,0
2026-03-31,Kickapoo,5,Willard,0
2026-03-31,Oak Park,1,William Chrisman,2
2026-03-31,Central (Cape Girardeau),1,Windsor (Imperial),8
2026-03-31,St. Charles,4,Winfield,1
2026-03-31,Smithville,11,Winnetonka,0
2026-04-01,St. Pius X (Kansas City),8,Cameron,0
2026-04-01,Bishop LeBlond,1,Central (St. Joseph),6
2026-04-01,Ruskin,0,Fort Osage,9
2026-04-01,Capital City,1,Helias Catholic,6
2026-04-01,Parkway South,2,Incarnate Word Academy,1
2026-04-01,Parkway Central,0,John Burroughs,4
2026-04-01,Mexico,0,Kirksville,5
2026-04-01,Ewing Marion Kauffman with University Academy Charter,1,Knob Noster,2
2026-04-01,Nerinx Hall,2,Ladue Horton Watkins,0
2026-04-01,Principia,1,Lutheran South,4
2026-04-01,Camdenton,0,Rock Bridge,8
2026-04-01,Holt,2,St. Charles West,1
2026-04-01,Francis Howell,2,Troy Buchanan,0
2026-04-01,Lincoln College Prep,3,Van Horn,2
2026-04-02,Parkview,3,Aurora,0
2026-04-02,McKinley Classical Leadership,0,Bayless,6
2026-04-02,Cassville,0,Bolivar,1
2026-04-02,Joplin,0,Central (Springfield),5
2026-04-02,Pleasant Hill,7,Clinton,1
2026-04-02,Fulton,0,Eugene,8
2026-04-02,Parkway West,1,Eureka,0
2026-04-02,Winnetonka,0,Excelsior Springs,8
2026-04-02,Lafayette (St. Joseph),1,Faith Christian Academy,4
2026-04-02,Hillsboro,0,Festus,4
2026-04-02,Francis Howell North,2,Francis Howell,1
2026-04-02,Liberty (Wentzville),3,Francis Howell Central,0
2026-04-02,Timberland,1,Ft. Zumwalt East,0
2026-04-02,Ft. Zumwalt South,1,Ft. Zumwalt North,0
2026-04-02,Troy Buchanan,2,Ft. Zumwalt West,3
2026-04-02,Northwest (Cedar Hill),0,Glendale,5
2026-04-02,Oak Park,5,Grandview,0
2026-04-02,Moberly,1,Hannibal,4
2026-04-02,Bishop LeBlond,0,Harrisonville,8
2026-04-02,Ritenour,2,Hazelwood West,7
2026-04-02,Republic,3,Jefferson City,0
2026-04-02,Fort Osage,2,Kearney,6
2026-04-02,MICDS,0,Kirkwood,1
2026-04-02,Neosho,2,Lebanon,0
2026-04-02,Blue Springs,0,Lee's Summit West,1
2026-04-02,Rockwood Summit,1,Lindbergh,0
2026-04-02,Capital City,1,Logan-Rogersville,5
2026-04-02,Raytown South,1,Lone Jack,6
2026-04-02,Hillcrest,5,McDonald County,0
2026-04-02,Marshfield,0,New Covenant Academy,1
2026-04-02,Greenwood,0,New Heights Christian with McAuley Catholic,3
2026-04-02,Washington,0,North Point,5
2026-04-02,Marquette,0,Oakville,1
2026-04-02,Dixon,0,Owensville,8
2026-04-02,Willard,0,Ozark,4
2026-04-02,Pembroke Hill,0,Park Hill,5
2026-04-02,Seckman,2,Parkway North,5
2026-04-02,Affton,0,Pattonville,8
2026-04-02,William Chrisman,0,Platte County,4
2026-04-02,Lee's Summit,8,Raymore-Peculiar,0
2026-04-02,Grain Valley,8,Ruskin,0
2026-04-02,Hickman,1,Smith-Cotton,3
2026-04-02,Elsberry with Silex,1,Southern Boone,6
2026-04-02,Orchard Farm,1,St. Charles,0
2026-04-02,Cor Jesu Academy,3,St. Joseph's Academy,2
2026-04-02,Benton,0,St. Pius X (Kansas City),8
2026-04-02,Farmington,0,St. Vincent,8
2026-04-02,North County,0,Sullivan,4
2026-04-02,Belton,1,Truman,9
2026-04-02,Mehlville,8,University City,0
2026-04-02,St. Francis Borgia,5,Veritas Christian Academy,2
2026-04-02,Oak Grove,1,Warrensburg,2
2026-04-02,Winfield,3,Warrenton,0
2026-04-02,Clayton,0,Webster Groves,2
2026-04-02,Whitfield,0,Westminster Christian Academy,7
2026-04-03,Waynesville,8,Aurora,0
2026-04-03,Lebanon,1,Aurora,0
2026-04-03,Jefferson City,8,Battle,0
2026-04-03,Bayless,1,Brentwood,2
2026-04-03,Bolivar,2,Clinton,3
2026-04-03,St. James,1,Crocker,3
2026-04-03,Grain Valley,0,Glendale,3
2026-04-03,Republic,0,Hickman,2
2026-04-03,Kickapoo,2,Liberty,3
2026-04-03,Poplar Bluff,7,Liberty (Mountain View),0
2026-04-03,Grain Valley,1,Logan-Rogersville,4
2026-04-03,Hancock,0,Maplewood-Richmond Hts.,6
2026-04-03,Ozark,2,Northwest (Cedar Hill),1
2026-04-03,Nixa,2,Park Hill South,1
2026-04-03,Lebanon,0,Parkview,1
2026-04-03,Hazelwood East,0,Parkway North,8
2026-04-03,Parkway Central,0,Parkway South,3
2026-04-03,DeSoto,0,Windsor (Imperial),5
2026-04-04,Francis Howell Central,0,Clayton,1
2026-04-04,Liberty (Wentzville),0,Cor Jesu Academy,4
2026-04-04,Park Hill South,1,Kickapoo,0
2026-04-04,Nixa,2,Liberty,0
2026-04-04,Waynesville,0,Logan-Rogersville,4
2026-04-04,Waynesville,0,Northwest (Cedar Hill),3
2026-04-04,Grain Valley,1,Ozark,3
2026-04-04,Kickapoo,0,Park Hill South,1
2026-04-06,Fair Grove,4,Aurora,1
2026-04-06,Chillicothe,1,Benton,4
2026-04-06,Southern Boone,3,Blair Oaks,2
2026-04-06,Smithton,1,Boonville,2
2026-04-06,Lone Jack,5,Center,0
2026-04-06,Eugene,2,Crocker,0
2026-04-06,Fredericktown,0,Farmington,4
2026-04-06,Windsor (Imperial),2,Fox,0
2026-04-06,Duchesne,0,Francis Howell North,1
2026-04-06,Kirksville,8,Fulton,0
2026-04-06,Gateway with Soldan International Studies,1,Gateway Science Charter,9
2026-04-06,Truman,1,Grain Valley,4
2026-04-06,Laquey with Richland,4,Greenwood,1
2026-04-06,Knob Noster,2,Guadalupe Centers Charter,1
2026-04-06,Oakville,0,Ladue Horton Watkins,1
2026-04-06,Jackson,2,Lindbergh,3
2026-04-06,Warrensburg,0,Marshall,8
2026-04-06,Carthage,8,McDonald County,0
2026-04-06,Collegiate School of Med-Bio Science,8,McKinley Classical Leadership,0
2026-04-06,Hannibal,8,Mexico,0
2026-04-06,Incarnate Word Academy,1,MICDS,2
2026-04-06,Canton,0,Moberly,4
2026-04-06,Monett,4,New Heights Christian with McAuley Catholic,2
2026-04-06,Central (St. Joseph),2,North Kansas City,3
2026-04-06,Hillsboro,1,Northwest (Cedar Hill),2
2026-04-06,Owensville,0,Pacific,8
2026-04-06,Cassville,1,Parkview,0
2026-04-06,Parkway North,6,Parkway South,5
2026-04-06,Parkway Central,1,Pattonville,2
2026-04-06,Central (Cape Girardeau),3,Perryville,7
2026-04-06,William Chrisman,8,Raytown,0
2026-04-06,Joplin,0,Republic,8
2026-04-06,Ursuline Academy,2,Rockwood Summit,3
2026-04-06,Bishop LeBlond,0,Savannah,2
2026-04-06,St. Vincent,3,Seckman,1
2026-04-06,Maryville,0,Smithville,0
2026-04-06,St. Pius X (Kansas City),1,St. Michael the Archangel,2
2026-04-06,Hancock,0,Valley Park,3
2026-04-06,Smith-Cotton,4,Van Horn,3
2026-04-06,Lutheran St. Charles,2,Veritas Christian Academy,1
2026-04-06,Ft. Zumwalt North,4,Washington,1
2026-04-06,St. James,4,West Plains,2
2026-04-06,Winfield,2,Wright City,0
2026-04-07,Parkway North,9,Affton,1
2026-04-07,Crossroads College Preparatory,0,Bayless,5
2026-04-07,Van Horn,10,Benton,2
2026-04-07,Veritas Christian Academy,4,Bishop DuBourg,0
2026-04-07,Hillcrest,1,Bolivar,6
2026-04-07,Marshfield,1,Branson,3
2026-04-07,Hickman,5,Camdenton,1
2026-04-07,McDonald County,1,Cassville,9
2026-04-07,East (Kansas City),4,Center,2
2026-04-07,Excelsior Springs,2,Central (St. Joseph),1
2026-04-07,Parkway West,2,Clayton,0
2026-04-07,Visitation Academy,1,Cor Jesu Academy,9
2026-04-07,St. Joseph Christian,5,Cristo Rey,0
2026-04-07,Fatima,9,Dixon,3
2026-04-07,Battle,0,Eugene,8
2026-04-07,Lafayette (Wildwood),2,Eureka,1
2026-04-07,Mid-Buchanan,8,Ewing Marion Kauffman with University Academy Charter,0
2026-04-07,St. Francis Borgia,3,Father Tolton,2
2026-04-07,Platte County,1,Fort Osage,3
2026-04-07,St. Vincent,4,Fox,1
2026-04-07,Ft. Zumwalt West,1,Francis Howell Central,2
2026-04-07,Troy Buchanan,1,Francis Howell North,2
2026-04-07,Timberland,2,Ft. Zumwalt South,4
2026-04-07,Winnetonka,3,Grandview,4
2026-04-07,Summit Christian Academy,4,Harrisonville,1
2026-04-07,North County,2,Hillsboro,5
2026-04-07,Capital City,4,Jefferson City,0
2026-04-07,Lutheran South,0,John Burroughs,4
2026-04-07,Glendale,8,Joplin,0
2026-04-07,Cameron,4,Lafayette (St. Joseph),0
2026-04-07,Blue Springs South,4,Lee's Summit,0
2026-04-07,Francis Howell,4,Liberty (Wentzville),2
2026-04-07,Lee's Summit West,1,Liberty North,4
2026-04-07,Carl Junction,0,Logan-Rogersville,7
2026-04-07,Brentwood,3,Maplewood-Richmond Hts.,2
2026-04-07,Webster Groves,0,Marquette,1
2026-04-07,Mexico,0,Marshall,8
2026-04-07,Pattonville,1,Mehlville,2
2026-04-07,Aurora,0,Monett,2
2026-04-07,Central (Springfield),1,Neosho,3
2026-04-07,New Covenant Academy,4,New Heights Christian with McAuley Catholic,0
2026-04-07,Park Hill South,3,North Kansas City,1
2026-04-07,Ft. Zumwalt East,0,North Point,2
2026-04-07,Parkway South,6,Northwest (Cedar Hill),0
2026-04-07,Westminster Christian Academy,5,Notre Dame (St. Louis),0
2026-04-07,Pleasant Hill,2,Notre Dame de Sion,3
2026-04-07,Odessa,1,Oak Grove,8
2026-04-07,Liberty,4,Oak Park,0
2026-04-07,Warrenton,0,Orchard Farm,8
2026-04-07,California,0,Osage,4
2026-04-07,Crocker,8,Osage,0
2026-04-07,Greenwood,0,Parkview,2
2026-04-07,St. Pius X (Kansas City),1,Pembroke Hill,0
2026-04-07,Gateway Science Charter,0,Principia,4
2026-04-07,Lee's Summit North,8,Raymore-Peculiar,0
2026-04-07,Kearney,11,Raytown South,0
2026-04-07,Waynesville,1,Republic,2
2026-04-07,Raytown,3,Ruskin,4
2026-04-07,Christian Fellowship Sr.,8,Sacred Heart,0
2026-04-07,Windsor (Imperial),0,Seckman,0
2026-04-07,Lincoln College Prep,1,Smithville,1
2026-04-07,St. Charles West,1,St. Charles,2
2026-04-07,Sullivan,4,St. Clair,1
2026-04-07,Kirkwood,2,St. Dominic,1
2026-04-07,Metro,3,St. Pius X (Festus),5
2026-04-07,Hazelwood West,2,University City,1
2026-04-07,Hancock,0,Valley Park,3
2026-04-07,Lebanon,1,Webb City,6
2026-04-07,Nixa,8,Willard,0
2026-04-07,Truman,7,William Chrisman,4
2026-04-08,Blue Springs,0,Blue Springs South,3
2026-04-08,Lutheran North,1,Collegiate School of Med-Bio Science,6
2026-04-08,Metro,2,Elsberry with Silex,1
2026-04-08,Sikeston,1,Farmington,0
2026-04-08,Sullivan,1,Festus,5
2026-04-08,Perryville,9,Fredericktown,0
2026-04-08,Fort Osage,0,Grain Valley,5
2026-04-08,Notre Dame (Cape Girardeau),0,Jackson,6
2026-04-08,Gateway with Soldan International Studies,2,John Burroughs,8
2026-04-08,Carthage,0,Kickapoo,8
2026-04-08,St. Joseph's Academy,3,Ladue Horton Watkins,0
2026-04-08,Parkview,1,Laquey with Richland,3
2026-04-08,Smithton,0,Lone Jack,8
2026-04-08,Lindbergh,3,Mehlville,0
2026-04-08,Villa Duchesne,1,MICDS,5
2026-04-08,Cor Jesu Academy,6,Oakville,1
2026-04-08,Warrensburg,0,Pleasant Hill,10
2026-04-08,Helias Catholic,8,Rolla,0
2026-04-08,Chillicothe,0,Savannah,4
2026-04-08,Pacific,7,St. Clair,0
2026-04-08,Owensville,0,St. Francis Borgia,6
2026-04-08,Union,1,St. Pius X (Festus),5
2026-04-08,Washington,0,Timberland,4
2026-04-08,Nerinx Hall,4,Ursuline Academy,0
2026-04-08,Parkway West,4,Westminster Christian Academy,1
2026-04-08,Duchesne,1,Whitfield,0
2026-04-08,Holt,2,Winfield,1
2026-04-09,Smith-Cotton,8,Battle,0
2026-04-09,Father Tolton,5,Bishop DuBourg,0
2026-04-09,Osage,2,Blair Oaks,3
2026-04-09,Crossroads College Preparatory,0,Brentwood,8
2026-04-09,Benton,4,Cameron,0
2026-04-09,Odessa,2,Center,1
2026-04-09,Van Horn,8,East (Kansas City),0
2026-04-09,St. Dominic,4,Eureka,1
2026-04-09,Crocker,5,Fatima,1
2026-04-09,Lutheran South,0,Festus,2
2026-04-09,Seckman,1,Fox,0
2026-04-09,Francis Howell Central,0,Francis Howell,2
2026-04-09,Ft. Zumwalt South,2,Ft. Zumwalt East,1
2026-04-09,North Point,0,Ft. Zumwalt North,1
2026-04-09,Francis Howell North,2,Ft. Zumwalt West,1
2026-04-09,Neosho,0,Glendale,3
2026-04-09,Kearney,14,Grandview,0
2026-04-09,Fulton,1,Hannibal,9
2026-04-09,Orchard Farm,2,Holt,1
2026-04-09,Joplin,0,Kickapoo,8
2026-04-09,Republic,7,Lebanon,0
2026-04-09,Raymore-Peculiar,1,Lee's Summit West,2
2026-04-09,West Plains,5,Liberty (Mountain View),4
2026-04-09,Cassville,0,Logan-Rogersville,4
2026-04-09,Clinton,1,Marshall,3
2026-04-09,Greenwood,2,Marshfield,1
2026-04-09,Lincoln College Prep,2,Maryville,0
2026-04-09,Affton,9,McKinley Classical Leadership,1
2026-04-09,Cristo Rey,0,Mid-Buchanan,9
2026-04-09,Mexico,1,Moberly,3
2026-04-09,Fair Grove,3,New Covenant Academy,6
2026-04-09,Aurora,0,New Heights Christian with McAuley Catholic,4
2026-04-09,Oak Park,1,North Kansas City,2
2026-04-09,Villa Duchesne,0,Notre Dame (St. Louis),1
2026-04-09,California,4,Owensville,2
2026-04-09,Carthage,1,Ozark,3
2026-04-09,Mehlville,0,Pacific,2
2026-04-09,Ritenour,0,Parkway North,8
2026-04-09,Webster Groves,4,Parkway South,3
2026-04-09,Hazelwood West,0,Pattonville,8
2026-04-09,Ruskin,0,Platte County,11
2026-04-09,North County,2,Poplar Bluff,4
2026-04-09,Truman,8,Raytown,0
2026-04-09,Excelsior Springs,8,Raytown South,0
2026-04-09,Kirkwood,1,Rockwood Summit,2
2026-04-09,Sikeston,1,Saxony Lutheran,0
2026-04-09,Pembroke Hill,0,Smithville,1
2026-04-09,Kirksville,0,Southern Boone,4
2026-04-09,St. James,0,St. Clair,3
2026-04-09,Ursuline Academy,0,St. Joseph's Academy,2
2026-04-09,Harrisonville,1,St. Michael the Archangel,6
2026-04-09,Liberty,2,St. Teresa's Academy,3
2026-04-09,Liberty North,4,Staley,2
2026-04-09,Knob Noster,2,Stover with Cole Camp,3
2026-04-09,Liberty (Wentzville),1,Troy Buchanan,0
2026-04-09,Maplewood-Richmond Hts.,3,Valley Park,0
2026-04-09,Capital City,9,Warrensburg,1
2026-04-09,Willard,3,Waynesville,2
2026-04-09,Branson,3,Webb City,4
2026-04-09,Principia,0,Whitfield,2
2026-04-09,Belton,3,William Chrisman,7
2026-04-09,St. Vincent,3,Windsor (Imperial),0
2026-04-09,Central (St. Joseph),8,Winnetonka,0
2026-04-10,Christian Fellowship Sr.,3,Affton,2
2026-04-10,St. Michael the Archangel,8,Bishop DuBourg,0
2026-04-10,Lutheran (Kansas City),0,Bishop LeBlond,8
2026-04-10,Hickman,1,Blue Springs,0
2026-04-10,Central (Springfield),2,Boonville,0
2026-04-10,Willard,1,Clinton,0
2026-04-10,Fair Grove,0,Clinton,5
2026-04-10,Gateway Science Charter,4,Collegiate School of Med-Bio Science,6
2026-04-10,New Covenant Academy,8,Dixon,0
2026-04-10,Van Horn,8,East (Kansas City),0
2026-04-10,Duchesne,7,Father Tolton,0
2026-04-10,Central (Springfield),2,Fulton,0
2026-04-10,St. Charles,6,Hazelwood West,0
2026-04-10,Southern Boone,0,Helias Catholic,4
2026-04-10,Moberly,0,Hillsboro,1
2026-04-10,St. Charles West,0,Incarnate Word Academy,6
2026-04-10,Farmington,0,Jackson,8
2026-04-10,Blair Oaks,0,Jefferson City,1
2026-04-10,Rock Bridge,2,Kirkwood,1
2026-04-10,John Burroughs,1,Ladue Horton Watkins,2
2026-04-10,Aurora,0,Laquey with Richland,2
2026-04-10,Winfield,9,Lone Jack,1
2026-04-10,Northwest (Cedar Hill),8,Lutheran South,1
2026-04-10,Crossroads College Preparatory,0,Maplewood-Richmond Hts.,10
2026-04-10,Bolivar,8,McDonald County,0
2026-04-10,Neosho,5,McDonald County,1
2026-04-10,Willard,4,Monett,1
2026-04-10,Fair Grove,3,Monett,2
2026-04-10,Mid-Buchanan,0,North County,1
2026-04-10,Camdenton,3,Osage,2
2026-04-10,Smith-Cotton,0,Ozark,1
2026-04-10,Parkway Central,0,Parkway South,3
2026-04-10,Summit Christian Academy,0,Pleasant Hill,1
2026-04-10,MICDS,4,St. Francis Borgia,1
2026-04-10,Liberty (Mountain View),1,St. James,0
2026-04-10,Lindbergh,1,St. Joseph's Academy,2
2026-04-10,Rock Bridge,0,St. Pius X (Kansas City),4
2026-04-10,Bayless,1,Valley Park,2
2026-04-10,Union,0,Washington,5
2026-04-10,Clayton,0,Westminster Christian Academy,4
2026-04-11,Moberly,4,Affton,0
2026-04-11,Lone Jack,3,Affton,1
2026-04-11,Springfield Catholic,8,Bishop DuBourg,0
2026-04-11,Kirkwood,3,Blue Springs,0
2026-04-11,Willard,0,Bolivar,1
2026-04-11,Central (Springfield),2,Boonville,0
2026-04-11,Excelsior Springs,8,Cameron,0
2026-04-11,Smithton,3,Eugene,4
2026-04-11,Stover with Cole Camp,2,Eugene,3
2026-04-11,Ft. Zumwalt North,1,Eureka,1
2026-04-11,Neosho,2,Fair Grove,0
2026-04-11,Timberland,0,Ft. Zumwalt South,4
2026-04-11,Rock Bridge,9,Fulton,1
2026-04-11,Central (Springfield),2,Fulton,0
2026-04-11,St. Pius X (Kansas City),8,Hickman,0
2026-04-11,North County,0,Hillsboro,4
2026-04-11,Winfield,1,Hillsboro,0
2026-04-11,Odessa,3,Lafayette (St. Joseph),0
2026-04-11,Mid-Buchanan,2,Lone Jack,0
2026-04-11,Parkway West,2,Marquette,0
2026-04-11,Monett,1,McDonald County,2
2026-04-11,Mid-Buchanan,1,Moberly,0
2026-04-11,Christian Fellowship Sr.,3,North County,2
2026-04-11,Benton,1,North Kansas City,4
2026-04-11,Savannah,0,Oak Park,1
2026-04-11,Barstow,0,Principia,2
2026-04-11,Waynesville,2,Rolla,0
2026-04-11,California,1,Smithton,3
2026-04-11,St. Michael the Archangel,2,Springfield Catholic,1
2026-04-11,North Point,2,St. Dominic,3
2026-04-11,California,3,Stover with Cole Camp,0
2026-04-11,Christian Fellowship Sr.,0,Winfield,3
2026-04-13,Pacific,4,Affton,0
2026-04-13,Grain Valley,3,Belton,1
2026-04-13,Cameron,1,Benton,3
2026-04-13,Capital City,6,Blair Oaks,0
2026-04-13,Boonville,1,California,0
2026-04-13,Father Tolton,6,Camdenton,0
2026-04-13,Crossroads College Preparatory,1,Cardinal Ritter,3
2026-04-13,New Heights Christian with McAuley Catholic,1,Cassville,2
2026-04-13,Ritenour,1,Collegiate School of Med-Bio Science,2
2026-04-13,Cardinal Ritter,3,Crossroads College Preparatory,1
2026-04-13,Grandview,1,East (Kansas City),2
2026-04-13,Parkway Central,0,Eureka,4
2026-04-13,St. James,4,Fatima,0
2026-04-13,Lutheran South,4,Fox,4
2026-04-13,DeSoto,2,Fredericktown,0
2026-04-13,Ursuline Academy,1,Ft. Zumwalt South,2
2026-04-13,Mehlville,4,Hazelwood West,3
2026-04-13,Southern Boone,3,Hickman,0
2026-04-13,Maplewood-Richmond Hts.,0,Hillsboro,2
2026-04-13,Troy Buchanan,4,Holt,0
2026-04-13,Notre Dame (St. Louis),4,Incarnate Word Academy,0
2026-04-13,Rock Bridge,3,Jefferson City,1
2026-04-13,Parkway South,0,Kirkwood,3
2026-04-13,Savannah,9,Lafayette (St. Joseph),0
2026-04-13,St. Pius X (Festus),7,Lutheran St. Charles,0
2026-04-13,Monett,1,Marshfield,0
2026-04-13,Greenwood,1,McDonald County,2
2026-04-13,Central (St. Joseph),0,Mid-Buchanan,2
2026-04-13,St. Dominic,0,Nerinx Hall,3
2026-04-13,Osage,3,New Covenant Academy,2
2026-04-13,Excelsior Springs,0,North Kansas City,5
2026-04-13,Bishop DuBourg,0,Northwest (Cedar Hill),8
2026-04-13,Odessa,0,Oak Park,3
2026-04-13,Duchesne,1,Orchard Farm,3
2026-04-13,Lee's Summit North,0,Park Hill,3
2026-04-13,St. Charles West,1,Parkway North,6
2026-04-13,MICDS,3,Pattonville,0
2026-04-13,Pembroke Hill,1,Pleasant Hill,4
2026-04-13,Platte County,8,Raytown,0
2026-04-13,Smithton,0,Smith-Cotton,8
2026-04-13,Republic,0,Springfield Catholic,4
2026-04-13,Windsor (Imperial),6,St. Clair,0
2026-04-13,St. Vincent,8,St. Francis Borgia,0
2026-04-13,Clinton,8,Stover with Cole Camp,1
2026-04-13,Oak Grove,1,Summit Christian Academy,6
2026-04-13,Lindbergh,3,Union,0
2026-04-13,Lone Jack,4,Warrensburg,1
2026-04-13,Festus,3,Washington,1
2026-04-13,Rolla,0,West Plains,3
2026-04-14,Cassville,5,Aurora,1
2026-04-14,Platte County,7,Belton,0
2026-04-14,Grain Valley,1,Blue Springs,2
2026-04-14,Valley Park,1,Brentwood,6
2026-04-14,Hillcrest,0,Carl Junction,2
2026-04-14,Nixa,8,Carthage,0
2026-04-14,St. Joseph Christian,1,Center,0
2026-04-14,Maryville,5,Chillicothe,0
2026-04-14,Mexico,1,Christian Fellowship Sr.,8
2026-04-14,Webster Groves,0,Cor Jesu Academy,6
2026-04-14,Guadalupe Centers Charter,3,Cristo Rey,1
2026-04-14,Hancock,3,Crossroads College Preparatory,0
2026-04-14,Stover with Cole Camp,5,Dixon,1
2026-04-14,Crocker,6,Fair Grove,1
2026-04-14,Hillsboro,1,Fox,1
2026-04-14,Marquette,1,Francis Howell Central,2
2026-04-14,St. Pius X (Festus),0,Ft. Zumwalt West,3
2026-04-14,Lutheran St. Charles,1,Ft. Zumwalt West,9
2026-04-14,Moberly,9,Fulton,1
2026-04-14,Raytown South,2,Grandview,3
2026-04-14,STEAM Academy,0,Hazelwood East,2
2026-04-14,Father Tolton,0,Helias Catholic,3
2026-04-14,Ozark,8,Joplin,0
2026-04-14,Francis Howell,3,Kirkwood,0
2026-04-14,Clinton,8,Knob Noster,0
2026-04-14,Orchard Farm,1,Lafayette (Wildwood),1
2026-04-14,Liberty,0,Lee's Summit,2
2026-04-14,Liberty North,3,Lee's Summit North,2
2026-04-14,Blue Springs South,5,Lee's Summit West,0
2026-04-14,Branson,0,Logan-Rogersville,5
2026-04-14,Lutheran South,6,Maplewood-Richmond Hts.,1
2026-04-14,Kirksville,0,Marshall,2
2026-04-14,Monett,3,McDonald County,0
2026-04-14,Oakville,2,Mehlville,1
2026-04-14,Kickapoo,6,Neosho,0
2026-04-14,Windsor (Imperial),2,Northwest (Cedar Hill),1
2026-04-14,St. Vincent,8,Notre Dame (Cape Girardeau),2
2026-04-14,Liberty (Mountain View),1,Osage,4
2026-04-14,Rolla,0,Pacific,5
2026-04-14,Park Hill South,0,Park Hill,3
2026-04-14,Waynesville,4,Parkview,0
2026-04-14,East (Kansas City),5,Paseo Academy,0
2026-04-14,Metro,4,Principia,2
2026-04-14,Central (Springfield),0,Republic,8
2026-04-14,William Chrisman,8,Ruskin,0
2026-04-14,Washington,2,Seckman,6
2026-04-14,Central (Cape Girardeau),0,Sikeston,3
2026-04-14,Sacred Heart,0,Smithton,1
2026-04-14,Kearney,3,Smithville,0
2026-04-14,Ft. Zumwalt East,2,St. Charles,0
2026-04-14,Winfield,1,St. Charles West,2
2026-04-14,Bishop DuBourg,0,St. Clair,8
2026-04-14,Union,3,St. James,0
2026-04-14,Rockwood Summit,0,St. Joseph's Academy,1
2026-04-14,Owensville,0,Sullivan,8
2026-04-14,Pattonville,2,Timberland,5
2026-04-14,Fort Osage,4,Truman,2
2026-04-14,Parkway North,11,University City,0
2026-04-14,Perryville,3,Villa Duchesne,4
2026-04-14,Harrisonville,8,Warrensburg,1
2026-04-14,Glendale,4,Webb City,0
2026-04-14,John Burroughs,3,Westminster Christian Academy,1
2026-04-14,Lebanon,0,Willard,4
2026-04-14,Raytown,2,Winnetonka,4
2026-04-14,Elsberry with Silex,1,Wright City,2
2026-04-15,Ritenour,0,Affton,6
2026-04-15,Hancock,0,Bayless,3
2026-04-15,McKinley Classical Leadership,0,Brentwood,10
2026-04-15,Festus,1,Central (Cape Girardeau),0
2026-04-15,Gateway with Soldan International Studies,1,Collegiate School of Med-Bio Science,11
2026-04-15,Lutheran St. Charles,1,Ft. Zumwalt West,9
2026-04-15,St. Pius X (Festus),0,Ft. Zumwalt West,3
2026-04-15,New Covenant Academy,6,Greenwood,0
2026-04-15,Ursuline Academy,2,Ladue Horton Watkins,0
2026-04-15,Duchesne,0,Lafayette (Wildwood),0
2026-04-15,St. Michael the Archangel,2,Lincoln College Prep,0
2026-04-15,Notre Dame (St. Louis),1,Lindbergh,3
2026-04-15,Bishop LeBlond,1,Maryville,5
2026-04-15,Visitation Academy,1,MICDS,0
2026-04-15,St. Joseph's Academy,1,Nerinx Hall,2
2026-04-15,DeSoto,0,North County,3
2026-04-15,Oak Park,0,North Kansas City,1
2026-04-15,Saxony Lutheran,1,Notre Dame (Cape Girardeau),4
2026-04-15,Lindbergh,3,Notre Dame (St. Louis),1
2026-04-15,Knob Noster,2,Oak Grove,4
2026-04-15,Parkway West,3,Parkway South,0
2026-04-15,Van Horn,1,Pleasant Hill,8
2026-04-15,Benton,1,Savannah,3
2026-04-15,Camdenton,0,Southern Boone,8
2026-04-15,North Point,7,St. Charles,0
2026-04-15,Ft. Zumwalt South,0,St. Dominic,3
2026-04-15,Ladue Horton Watkins,0,Ursuline Academy,2
2026-04-15,St. Charles West,3,Warrenton,0
2026-04-15,Bolivar,4,West Plains,0
2026-04-15,Hazelwood East,0,Winfield,8
2026-04-16,Mehlville,8,Affton,0
2026-04-16,New Covenant Academy,8,Aurora,0
2026-04-16,Hancock,0,Bayless,3
2026-04-16,Lee's Summit,2,Blue Springs,0
2026-04-16,Lee's Summit North,2,Blue Springs South,3
2026-04-16,Fatima,0,Boonville,8
2026-04-16,Joplin,0,Branson,3
2026-04-16,McDonald County,0,Carl Junction,8
2026-04-16,Pleasant Hill,10,Center,0
2026-04-16,Willard,3,Central (Springfield),0
2026-04-16,Seckman,1,Clayton,2
2026-04-16,Warrensburg,1,Clinton,3
2026-04-16,Sikeston,5,DeSoto,0
2026-04-16,Eugene,8,Dixon,0
2026-04-16,Lutheran St. Charles,1,Duchesne,7
2026-04-16,Festus,2,Farmington,1
2026-04-16,William Chrisman,3,Fort Osage,4
2026-04-16,Maplewood-Richmond Hts.,0,Fox,5
2026-04-16,Westminster Christian Academy,0,Francis Howell North,2
2026-04-16,Orchard Farm,3,Ft. Zumwalt West,2
2026-04-16,Lee's Summit West,3,Glendale,2
2026-04-16,Belton,0,Grain Valley,8
2026-04-16,Smithville,14,Grandview,0
2026-04-16,Greenwood,1,Hillcrest,6
2026-04-16,Lutheran South,2,Hillsboro,1
2026-04-16,Kickapoo,0,Jackson,3
2026-04-16,Marquette,3,Kirkwood,2
2026-04-16,St. Pius X (Festus),0,Lafayette (Wildwood),4
2026-04-16,Parkview,0,Lebanon,1
2026-04-16,Liberty North,2,Liberty,1
2026-04-16,Smith-Cotton,0,Logan-Rogersville,2
2026-04-16,Cardinal Ritter,8,McKinley Classical Leadership,3
2026-04-16,Fulton,1,Mexico,4
2026-04-16,Marshall,4,Moberly,0
2026-04-16,Fair Grove,0,Monett,8
2026-04-16,Holt,0,North Point,4
2026-04-16,St. Clair,0,Northwest (Cedar Hill),0
2026-04-16,Harrisonville,8,Odessa,0
2026-04-16,Neosho,0,Ozark,7
2026-04-16,Central (St. Joseph),0,Park Hill,7
2026-04-16,Lebanon,1,Parkview,0
2026-04-16,Webster Groves,3,Parkway Central,0
2026-04-16,Pattonville,4,Parkway North,0
2026-04-16,Raytown,0,Platte County,8
2026-04-16,Ruskin,0,Raytown South,1
2026-04-16,University City,1,Ritenour,0
2026-04-16,Nixa,1,Rockwood Summit,2
2026-04-16,Union,2,Rolla,0
2026-04-16,Canton,0,Southern Boone,6
2026-04-16,Eureka,6,St. Francis Borgia,1
2026-04-16,Sullivan,4,St. James,1
2026-04-16,Ewing Marion Kauffman with University Academy Charter,1,St. Joseph Christian,3
2026-04-16,St. Teresa's Academy,1,St. Joseph's Academy,1
2026-04-16,Pembroke Hill,1,St. Michael the Archangel,4
2026-04-16,Truman,0,Staley,5
2026-04-16,Jennings,0,STEAM Academy,8
2026-04-16,Osage,4,Stover with Cole Camp,2
2026-04-16,Bishop LeBlond,0,Summit Christian Academy,5
2026-04-16,Liberty (Wentzville),1,Timberland,0
2026-04-16,Ft. Zumwalt East,4,Troy Buchanan,1
2026-04-16,Guadalupe Centers Charter,0,Van Horn,10
2026-04-16,St. Charles,2,Veritas Christian Academy,0
2026-04-16,Hazelwood West,0,Visitation Academy,3
2026-04-16,Owensville,0,Washington,8
2026-04-16,Carthage,0,Waynesville,4
2026-04-17,Willard,2,Bolivar,0
2026-04-17,Brentwood,8,Crossroads College Preparatory,0
2026-04-17,Liberty (Mountain View),5,Fair Grove,4
2026-04-17,Southern Boone,9,Fatima,0
2026-04-17,Ft. Zumwalt East,1,Ft. Zumwalt North,4
2026-04-17,Jackson,5,Glendale,0
2026-04-17,Logan-Rogersville,4,Hickman,0
2026-04-17,Rockwood Summit,5,Kickapoo,1
2026-04-17,Battle,0,Lebanon,2
2026-04-17,Nixa,2,Lee's Summit West,0
2026-04-17,Cardinal Ritter,7,McKinley Classical Leadership,4
2026-04-17,John Burroughs,1,Notre Dame (St. Louis),0
2026-04-17,Seckman,1,Parkway West,2
2026-04-17,Bayless,1,Principia,0
2026-04-17,Branson,0,Smith-Cotton,8
2026-04-18,Northwest (Cedar Hill),0,Fox,1
2026-04-18,Parkway West,0,Ft. Zumwalt South,2
2026-04-18,Hickman,0,Glendale,4
2026-04-18,St. Michael the Archangel,5,Helias Catholic,2
2026-04-18,St. Clair,1,Hillsboro,3
2026-04-18,Nixa,2,Jackson,1
2026-04-18,Lee's Summit West,0,Kickapoo,2
2026-04-18,Parkway Central,0,Ladue Horton Watkins,4
2026-04-18,Lee's Summit,0,Lee's Summit North,3
2026-04-18,Timberland,5,Marquette,1
2026-04-18,Ft. Zumwalt South,2,Parkway West,0
2026-04-18,Smith-Cotton,0,Rockwood Summit,3
2026-04-18,West Plains,0,Sikeston,6
2026-04-18,Nerinx Hall,1,Webster Groves,0
2026-04-18,Lutheran South,1,Windsor (Imperial),2
2026-04-20,Bolivar,8,Aurora,0
2026-04-20,Knob Noster,1,Center,3
2026-04-20,Cameron,0,Chillicothe,3
2026-04-20,Eugene,1,Christian Fellowship Sr.,2
2026-04-20,Pattonville,1,Duchesne,2
2026-04-20,Warrenton,0,Elsberry with Silex,2
2026-04-20,Greenwood,0,Fair Grove,1
2026-04-20,Lutheran St. Charles,3,Father Tolton,2
2026-04-20,Fulton,5,Fatima,1
2026-04-20,Raymore-Peculiar,2,Fort Osage,0
2026-04-20,Rockwood Summit,4,Fox,1
2026-04-20,St. Dominic,0,Francis Howell Central,1
2026-04-20,St. Clair,9,Fredericktown,1
2026-04-20,Carthage,0,Glendale,7
2026-04-20,William Chrisman,2,Grain Valley,9
2026-04-20,Ewing Marion Kauffman with University Academy Charter,1,Grandview,2
2026-04-20,St. Francis Borgia,0,Helias Catholic,8
2026-04-20,Jefferson City,0,Hickman,1
2026-04-20,Willard,2,Hillcrest,0
2026-04-20,Eureka,1,Kirkwood,3
2026-04-20,Central (Springfield),1,Laquey with Richland,0
2026-04-20,Lee's Summit West,1,Lee's Summit North,0
2026-04-20,St. Joseph's Academy,2,Lindbergh,0
2026-04-20,Oak Grove,3,Lone Jack,2
2026-04-20,Benton,0,Maryville,7
2026-04-20,Marshall,9,Mexico,1
2026-04-20,Lafayette (Wildwood),0,North Point,0
2026-04-20,Ursuline Academy,4,Notre Dame (St. Louis),0
2026-04-20,Wright City,4,Owensville,0
2026-04-20,Liberty North,3,Park Hill South,1
2026-04-20,New Covenant Academy,3,Parkview,0
2026-04-20,St. Charles,1,Parkway West,5
2026-04-20,Cristo Rey,0,Raytown South,8
2026-04-20,Battle,0,Rock Bridge,9
2026-04-20,Winnetonka,6,Ruskin,3
2026-04-20,Excelsior Springs,3,Savannah,2
2026-04-20,Hazelwood West,0,Seckman,6
2026-04-20,Camdenton,0,Southern Boone,8
2026-04-20,Pacific,2,St. James,0
2026-04-20,Liberty,0,St. Pius X (Kansas City),1
2026-04-20,Blue Springs South,2,Staley,0
2026-04-20,California,1,Stover with Cole Camp,4
2026-04-20,Veritas Christian Academy,1,Villa Duchesne,2
2026-04-20,Sacred Heart,2,Warrensburg,4
2026-04-20,Liberty (Mountain View),2,West Plains,3
2026-04-20,MICDS,8,Whitfield,0
2026-04-20,Webster Groves,5,Windsor (Imperial),0
2026-04-21,University City,1,Affton,5
2026-04-21,McDonald County,0,Aurora,5
2026-04-21,Pembroke Hill,7,Barstow,0
2026-04-21,Brentwood,3,Bayless,0
2026-04-21,Fort Osage,4,Belton,0
2026-04-21,Benton,0,Bishop LeBlond,6
2026-04-21,Fatima,0,Blair Oaks,8
2026-04-21,Raymore-Peculiar,2,Blue Springs,1
2026-04-21,Carl Junction,1,Bolivar,2
2026-04-21,West Plains,0,Branson,3
2026-04-21,Smith-Cotton,4,Capital City,0
2026-04-21,Monett,0,Cassville,1
2026-04-21,Farmington,2,Central (Cape Girardeau),1
2026-04-21,Lebanon,0,Central (Springfield),1
2026-04-21,Valley Park,5,Crossroads College Preparatory,0
2026-04-21,Notre Dame (St. Louis),1,Duchesne,2
2026-04-21,Owensville,2,Eugene,8
2026-04-21,St. Vincent,5,Festus,0
2026-04-21,Seckman,1,Fox,2
2026-04-21,Holt,0,Ft. Zumwalt East,4
2026-04-21,North Point,1,Ft. Zumwalt South,2
2026-04-21,Kirksville,0,Hannibal,1
2026-04-21,Clinton,2,Harrisonville,3
2026-04-21,Jennings,0,Hazelwood East,7
2026-04-21,Marshfield,0,Hillcrest,2
2026-04-21,St. Clair,2,Hillsboro,1
2026-04-21,Villa Duchesne,4,Incarnate Word Academy,1
2026-04-21,Neosho,6,Joplin,0
2026-04-21,Ozark,5,Kickapoo,0
2026-04-21,Kirkwood,3,Ladue Horton Watkins,0
2026-04-21,Lindbergh,0,Lafayette (Wildwood),0
2026-04-21,St. James,0,Laquey with Richland,3
2026-04-21,Staley,0,Lee's Summit,1
2026-04-21,Ft. Zumwalt North,1,Liberty (Wentzville),0
2026-04-21,Springfield Catholic,2,Logan-Rogersville,1
2026-04-21,Bishop DuBourg,8,McKinley Classical Leadership,0
2026-04-21,Guadalupe Centers Charter,0,Mid-Buchanan,8
2026-04-21,Southern Boone,3,Moberly,1
2026-04-21,Perryville,8,North County,2
2026-04-21,Faith Christian Academy,1,Northland Christian,4
2026-04-21,Park Hill,4,Oak Park,0
2026-04-21,Stover with Cole Camp,2,Odessa,0
2026-04-21,Washington,0,Orchard Farm,2
2026-04-21,Father Tolton,3,Osage,1
2026-04-21,Central (St. Joseph),0,Park Hill South,7
2026-04-21,Carthage,2,Parkview,0
2026-04-21,Mehlville,5,Parkway North,1
2026-04-21,Clayton,2,Parkway South,3
2026-04-21,Parkway Central,2,Parkway West,8
2026-04-21,Ritenour,0,Pattonville,8
2026-04-21,Saxony Lutheran,0,Poplar Bluff,5
2026-04-21,John Burroughs,8,Principia,0
2026-04-21,Grain Valley,9,Raytown,0
2026-04-21,Webb City,4,Republic,5
2026-04-21,Veritas Christian Academy,3,St. Charles West,0
2026-04-21,Lafayette (St. Joseph),0,St. Joseph Christian,4
2026-04-21,Van Horn,0,St. Michael the Archangel,7
2026-04-21,Smithville,1,St. Pius X (Kansas City),5
2026-04-21,Notre Dame de Sion,3,Summit Christian Academy,0
2026-04-21,Troy Buchanan,0,Timberland,2
2026-04-21,Ruskin,0,Truman,8
2026-04-21,Sullivan,2,Union,1
2026-04-21,Marquette,2,Ursuline Academy,1
2026-04-21,Center,1,Warrensburg,5
2026-04-21,Nixa,8,Waynesville,0
2026-04-21,Northwest (Cedar Hill),0,Webster Groves,1
2026-04-21,Glendale,5,Willard,0
2026-04-21,Raytown South,1,Winnetonka,0
2026-04-22,Hazelwood West,3,Affton,4
2026-04-22,Southern Boone,10,Battle,0
2026-04-22,Gateway Science Charter,1,Bayless,0
2026-04-22,Mexico,0,Blair Oaks,3
2026-04-22,Collegiate School of Med-Bio Science,0,Brentwood,2
2026-04-22,Dixon,0,Capital City,10
2026-04-22,St. Dominic,2,Cor Jesu Academy,5
2026-04-22,Perryville,8,DeSoto,0
2026-04-22,Raytown,0,Fort Osage,9
2026-04-22,Nerinx Hall,1,Ft. Zumwalt South,2
2026-04-22,Metro,8,Gateway with Soldan International Studies,0
2026-04-22,Whitfield,0,John Burroughs,8
2026-04-22,Windsor (Imperial),1,Lutheran South,0
2026-04-22,Sikeston,6,North County,0
2026-04-22,Jackson,1,Oakville,0
2026-04-22,Camdenton,2,Rolla,1
2026-04-22,Knob Noster,0,Smithton,6
2026-04-22,St. Pius X (Festus),3,St. Francis Borgia,1
2026-04-22,Crocker,0,Sullivan,7
2026-04-22,Bishop DuBourg,2,Valley Park,1
2026-04-23,Valley Park,2,Affton,4
2026-04-23,Platte County,9,Belton,0
2026-04-23,Savannah,3,Benton,2
2026-04-23,Smith-Cotton,0,Blue Springs,2
2026-04-23,Grain Valley,0,Blue Springs South,1
2026-04-23,Elsberry with Silex,4,Canton,2
2026-04-23,Hickman,1,Carl Junction,2
2026-04-23,Webb City,3,Carthage,0
2026-04-23,Raytown South,2,Center,4
2026-04-23,Ladue Horton Watkins,1,Clayton,2
2026-04-23,Paseo Academy,6,Cristo Rey,2
2026-04-23,Ewing Marion Kauffman with University Academy Charter,1,East (Kansas City),4
2026-04-23,Osage,4,Eugene,2
2026-04-23,Harrisonville,5,Excelsior Springs,1
2026-04-23,Christian Fellowship Sr.,1,Father Tolton,3
2026-04-23,Sacred Heart,1,Fatima,0
2026-04-23,Raytown,0,Fort Osage,9
2026-04-23,Francis Howell North,3,Ft. Zumwalt East,1
2026-04-23,Timberland,0,Ft. Zumwalt West,1
2026-04-23,Marshall,10,Fulton,0
2026-04-23,Central (Springfield),0,Glendale,8
2026-04-23,Lutheran North,3,Hancock,0
2026-04-23,Parkway North,5,Hazelwood West,2
2026-04-23,Aurora,0,Hillcrest,7
2026-04-23,Francis Howell Central,4,Holt,0
2026-04-23,Cor Jesu Academy,7,Jackson,2
2026-04-23,Joplin,0,Jefferson City,3
2026-04-23,Moberly,0,Kirksville,4
2026-04-23,Lafayette (Wildwood),1,Kirkwood,2
2026-04-23,Staley,1,Lee's Summit North,6
2026-04-23,St. Teresa's Academy,2,Lee's Summit West,0
2026-04-23,Eureka,1,Liberty (Wentzville),2
2026-04-23,Raymore-Peculiar,0,Liberty North,5
2026-04-23,Warrensburg,0,Lincoln College Prep,8
2026-04-23,Monett,0,Logan-Rogersville,7
2026-04-23,Incarnate Word Academy,3,Lutheran St. Charles,2
2026-04-23,Rockwood Summit,3,Marquette,0
2026-04-23,Ritenour,0,Mehlville,8
2026-04-23,Chillicothe,2,Mid-Buchanan,1
2026-04-23,Republic,5,Neosho,0
2026-04-23,McDonald County,0,New Heights Christian with McAuley Catholic,3
2026-04-23,Kickapoo,2,Nixa,3
2026-04-23,Van Horn,2,North Kansas City,5
2026-04-23,Lutheran (Kansas City),2,Northland Christian,3
2026-04-23,Parkway West,3,Northwest (Cedar Hill),0
2026-04-23,Oakville,3,Notre Dame (St. Louis),0
2026-04-23,St. Pius X (Kansas City),4,Notre Dame de Sion,3
2026-04-23,Boonville,0,Oak Grove,2
2026-04-23,Smithville,0,Oak Park,1
2026-04-23,Smith-Cotton,8,Odessa,1
2026-04-23,Blair Oaks,3,Odessa,1
2026-04-23,St. James,1,Owensville,0
2026-04-23,Lebanon,0,Ozark,8
2026-04-23,Union,1,Pacific,0
2026-04-23,Festus,3,Perryville,2
2026-04-23,Smithton,0,Pleasant Hill,8
2026-04-23,New Covenant Academy,0,Pleasant Hill,8
2026-04-23,Blue Springs,2,Smith-Cotton,0
2026-04-23,Branson,0,Springfield Catholic,8
2026-04-23,Duchesne,0,St. Dominic,1
2026-04-23,Visitation Academy,0,St. Joseph's Academy,8
2026-04-23,Saxony Lutheran,0,St. Pius X (Festus),8
2026-04-23,Barstow,0,Summit Christian Academy,8
2026-04-23,Ft. Zumwalt North,3,Troy Buchanan,1
2026-04-23,Kearney,8,Truman,0
2026-04-23,Pattonville,10,University City,0
2026-04-23,St. Clair,6,Warrenton,0
2026-04-23,Fox,0,Webster Groves,4
2026-04-23,Parkview,1,Willard,3
2026-04-23,Ruskin,0,William Chrisman,11
2026-04-23,Hillsboro,0,Windsor (Imperial),1
2026-04-23,Veritas Christian Academy,0,Winfield,1
2026-04-23,Grandview,4,Winnetonka,1
2026-04-24,Van Horn,4,Belton,0
2026-04-24,New Covenant Academy,4,Bishop LeBlond,1
2026-04-24,Smithton,0,Blair Oaks,3
2026-04-24,Lincoln College Prep,0,Blue Springs,2
2026-04-24,Battle,0,Camdenton,8
2026-04-24,Mid-Buchanan,6,Cameron,0
2026-04-24,Notre Dame (Cape Girardeau),2,Carl Junction,0
2026-04-24,Liberty,7,Central (St. Joseph),0
2026-04-24,Bishop LeBlond,0,Clinton,5
2026-04-24,Metro,6,Collegiate School of Med-Bio Science,0
2026-04-24,Southern Boone,8,Fulton,0
2026-04-24,McKinley Classical Leadership,7,Gateway with Soldan International Studies,4
2026-04-24,Pembroke Hill,1,Hannibal,0
2026-04-24,Rock Bridge,0,Helias Catholic,2
2026-04-24,Notre Dame (Cape Girardeau),1,Hickman,3
2026-04-24,Central (Cape Girardeau),0,Hillsboro,2
2026-04-24,Webb City,2,Jefferson City,3
2026-04-24,Webb City,8,Joplin,0
2026-04-24,Owensville,0,Laquey with Richland,4
2026-04-24,Sikeston,3,Marshfield,0
2026-04-24,Stover with Cole Camp,1,Marshfield,0
2026-04-24,Principia,1,MICDS,7
2026-04-24,Farmington,1,North County,0
2026-04-24,Platte County,4,North Kansas City,1
2026-04-24,Kearney,4,Oak Park,0
2026-04-24,Sullivan,8,Osage,0
2026-04-24,MICDS,7,Principia,1
2026-04-24,Rolla,0,Republic,4
2026-04-24,STEAM Academy,1,Ritenour,2
2026-04-24,Fair Grove,0,Sikeston,8
2026-04-24,Washington,3,Smith-Cotton,1
2026-04-24,Wright City,1,St. Charles,4
2026-04-24,California,0,St. James,1
2026-04-24,Smithville,6,Truman,0
2026-04-24,Lindbergh,0,Ursuline Academy,1
2026-04-24,Affton,4,Valley Park,2
2026-04-24,Jefferson City,1,Webb City,0
2026-04-24,Lutheran South,4,Whitfield,0
2026-04-25,Truman,2,Belton,0
2026-04-25,Pleasant Hill,4,Blair Oaks,0
2026-04-25,Warrensburg,0,Blue Springs,8
2026-04-25,Joplin,0,Carl Junction,3
2026-04-25,Northwest (Cedar Hill),0,Clayton,2
2026-04-25,Smithton,2,Clinton,3
2026-04-25,New Covenant Academy,0,Clinton,2
2026-04-25,Stover with Cole Camp,2,Fair Grove,1
2026-04-25,Cor Jesu Academy,3,Ft. Zumwalt South,1
2026-04-25,Rock Bridge,4,Hannibal,0
2026-04-25,Pembroke Hill,1,Helias Catholic,2
2026-04-25,Visitation Academy,2,Incarnate Word Academy,4
2026-04-25,Hickman,0,Jefferson City,1
2026-04-25,Smith-Cotton,2,Lincoln College Prep,1
2026-04-25,Francis Howell,3,Marquette,0
2026-04-25,Fair Grove,0,Marshfield,3
2026-04-25,Oak Park,0,North Kansas City,1
2026-04-25,Kearney,2,Platte County,1
2026-04-25,Stover with Cole Camp,0,Sikeston,4
2026-04-25,Lincoln College Prep,1,Smith-Cotton,2
2026-04-25,John Burroughs,4,St. Vincent,0
2026-04-25,Smithville,5,Van Horn,0
2026-04-25,Washington,8,Warrensburg,0
2026-04-25,Notre Dame (Cape Girardeau),2,Webb City,0
2026-04-26,Truman,2,Belton,0
2026-04-26,Pleasant Hill,4,Blair Oaks,0
2026-04-26,Warrensburg,0,Blue Springs,8
2026-04-26,Joplin,0,Carl Junction,3
2026-04-26,Northwest (Cedar Hill),0,Clayton,2
2026-04-26,Smithton,2,Clinton,3
2026-04-26,New Covenant Academy,0,Clinton,2
2026-04-26,Stover with Cole Camp,2,Fair Grove,1
2026-04-26,Cor Jesu Academy,3,Ft. Zumwalt South,1
2026-04-26,Rock Bridge,4,Hannibal,0
2026-04-26,Pembroke Hill,1,Helias Catholic,2
2026-04-26,Visitation Academy,2,Incarnate Word Academy,4
2026-04-26,Hickman,0,Jefferson City,1
2026-04-26,Smith-Cotton,2,Lincoln College Prep,1
2026-04-26,Francis Howell,3,Marquette,0
2026-04-26,Fair Grove,0,Marshfield,3
2026-04-26,Oak Park,0,North Kansas City,1
2026-04-26,Kearney,2,Platte County,1
2026-04-26,Stover with Cole Camp,0,Sikeston,4
2026-04-26,Lincoln College Prep,1,Smith-Cotton,2
2026-04-26,John Burroughs,4,St. Vincent,0
2026-04-26,Smithville,5,Van Horn,0
2026-04-26,Washington,8,Warrensburg,0
2026-04-26,Notre Dame (Cape Girardeau),2,Webb City,0
2026-04-27,Guadalupe Centers Charter,0,Barstow,8
2026-04-27,Raytown,2,Belton,3
2026-04-27,Neosho,0,Carl Junction,2
2026-04-27,Bishop LeBlond,4,Chillicothe,0
2026-04-27,Grandview,0,Excelsior Springs,8
2026-04-27,Lutheran (Kansas City),2,Faith Christian Academy,0
2026-04-27,Central (Springfield),1,Hillcrest,0
2026-04-27,Branson,2,Kickapoo,10
2026-04-27,William Chrisman,7,Knob Noster,0
2026-04-27,St. Teresa's Academy,1,Lee's Summit North,2
2026-04-27,Blue Springs South,3,Liberty North,1
2026-04-27,Joplin,1,Monett,3
2026-04-27,Glendale,0,Nixa,6
2026-04-27,Raytown South,2,Oak Grove,5
2026-04-27,Smithton,3,Odessa,0
2026-04-27,Staley,1,Park Hill South,2
2026-04-27,Ewing Marion Kauffman with University Academy Charter,0,Van Horn,9
2026-04-28,Hancock,0,Brentwood,6
2026-04-28,Blair Oaks,1,Camdenton,2
2026-04-28,Neosho,2,Carthage,1
2026-04-28,North Kansas City,3,Central (St. Joseph),0
2026-04-28,Smithton,2,Christian Fellowship Sr.,10
2026-04-28,Capital City,1,Clinton,2
2026-04-28,Paseo Academy,0,East (Kansas City),1
2026-04-28,Troy Buchanan,0,Francis Howell Central,3
2026-04-28,Liberty (Wentzville),1,Francis Howell North,1
2026-04-28,Orchard Farm,0,Ft. Zumwalt North,3
2026-04-28,North Point,1,Ft. Zumwalt South,2
2026-04-28,Ft. Zumwalt East,0,Ft. Zumwalt West,0
2026-04-28,Ewing Marion Kauffman with University Academy Charter,2,Guadalupe Centers Charter,1
2026-04-28,Pleasant Hill,3,Harrisonville,0
2026-04-28,Battle,0,Helias Catholic,12
2026-04-28,St. Charles,1,Holt,0
2026-04-28,Smith-Cotton,1,Jefferson City,0
2026-04-28,Winnetonka,0,Kearney,12
2026-04-28,Ladue Horton Watkins,1,Lafayette (Wildwood),4
2026-04-28,Liberty North,1,Lee's Summit,2
2026-04-28,Blue Springs,0,Lee's Summit North,6
2026-04-28,Park Hill,1,Liberty,0
2026-04-28,Stover with Cole Camp,0,Lone Jack,5
2026-04-28,Visitation Academy,5,Lutheran South,1
2026-04-28,Cor Jesu Academy,8,Marquette,0
2026-04-28,Excelsior Springs,0,Maryville,4
2026-04-28,Cassville,2,McDonald County,0
2026-04-28,Lincoln College Prep,1,Mid-Buchanan,0
2026-04-28,Hannibal,6,Moberly,0
2026-04-28,Republic,0,Nixa,5
2026-04-28,Fox,0,Northwest (Cedar Hill),1
2026-04-28,Marshall,8,Odessa,0
2026-04-28,Oak Park,0,Park Hill South,8
2026-04-28,Parkway Central,4,Parkway North,2
2026-04-28,Summit Christian Academy,3,Pembroke Hill,0
2026-04-28,Blue Springs South,4,Raymore-Peculiar,0
2026-04-28,Ruskin,0,Raytown,3
2026-04-28,Grain Valley,0,Rock Bridge,1
2026-04-28,Webster Groves,2,Rockwood Summit,2
2026-04-28,Fort Osage,1,Smithville,3
2026-04-28,Washington,1,St. Charles West,0
2026-04-28,Northland Christian,0,St. Joseph Christian,1
2026-04-28,Notre Dame de Sion,2,St. Michael the Archangel,1
2026-04-28,Lee's Summit West,0,Staley,1
2026-04-28,Francis Howell,1,Timberland,0
2026-04-28,Wright City,8,Valley Park,0
2026-04-28,Winfield,5,Warrenton,1
2026-04-29,Windsor (Imperial),8,Affton,0
2026-04-29,Lafayette (St. Joseph),0,Benton,8
2026-04-29,Hickman,0,Capital City,5
2026-04-29,Mexico,0,Eugene,3
2026-04-29,St. Francis Borgia,3,Festus,1
2026-04-29,Lindbergh,2,John Burroughs,1
2026-04-29,Ursuline Academy,1,Kirkwood,3
2026-04-29,Hillcrest,0,Logan-Rogersville,8
2026-04-29,Lutheran North,0,Lutheran South,8
2026-04-29,Incarnate Word Academy,1,Nerinx Hall,9
2026-04-29,Central (Cape Girardeau),2,North County,3
2026-04-29,St. Joseph's Academy,8,Notre Dame (St. Louis),0
2026-04-29,William Chrisman,5,Oak Grove,1
2026-04-29,Clinton,6,Odessa,0
2026-04-29,Liberty (Mountain View),1,Owensville,3
2026-04-29,Clayton,5,Parkway Central,2
2026-04-29,Sullivan,2,St. James,1
2026-04-29,Bishop DuBourg,0,St. Pius X (Festus),13
2026-04-29,Villa Duchesne,1,St. Vincent,9
2026-04-29,Kirkwood,3,Ursuline Academy,1
2026-04-29,Barstow,1,Van Horn,6
2026-04-29,Principia,0,Westminster Christian Academy,8
2026-04-29,Brentwood,3,Wright City,4
